site,replicate,"pH
KCl","Resist. *
(ohm)","H+
cmol/Kg","P
(Bray ll)
mg/kg","K
mg/kg",Na,K_cation,Ca,Mg,"C
%","S
Am.acet
*
mg/kg","EC *
mS/m","NO3 *
mg/kg",clay,silt,sand,rock,Waterholding 10kPa %,Waterholding 100kPa %,Waterholding mm/m,Na% ,K% ,Ca% ,Mg%,T Value (cmol/kg),Acid Sat% 
1,1,8,1270,0,51.7,15.2,0.27,0.04,3.1,0.5,0.26,8,18.37,0.54,4.8,4,91.2,0.6,2.95,2.85,1.01,6.91,1.00,79.28,12.79,3.91,0.00
1,2,6.6,1790,0,59,12.5,0.14,0.03,2.4,0.46,0.32,5,14.4,1.4,2.8,2,95.2,0.6,3.36,1.75,16.11,4.62,1.06,79.21,15.18,3.03,0.00
1,3,8.1,1310,0,53.9,18.7,0.21,0.05,3.9,0.59,0.33,7.4,12.27,1.7,4.8,0,95.2,0.6,3.83,1.81,20.27,4.42,1.01,82.11,12.42,4.75,0.00
1,4,8.2,1600,0,60.7,15.9,0.16,0.04,4.1,0.74,0.39,6.8,12.07,2.3,4.8,0,95.2,0.6,3.26,1.54,17.13,3.17,0.81,81.35,14.68,5.04,0.00
2,1,4.1,7680,0.57,2.8,19,0.03,0.05,0.46,0.21,0.53,1.7,2.7,0.76,4.8,8,87.2,0.7,21.87,10.17,116.96,2.27,3.68,34.75,15.87,1.32,43.34
2,2,4.4,4160,0.38,5,16.3,0.03,0.04,0.62,0.24,0.42,1.7,4.95,3.9,4.8,0,95.2,0.6,21.29,8.33,129.59,2.29,3.18,47.24,18.29,1.31,29.14
2,3,4.2,4660,0.54,1.1,21.6,0.04,0.06,0.62,0.23,0.57,1.7,3.65,2.3,4.8,0,95.2,0.6,21.16,8.23,129.30,2.68,3.70,41.47,15.39,1.49,36.45
2,4,4,7160,0.6,1.1,18.2,0.04,0.05,0.57,0.22,0.42,1.7,2.63,1.6,4.8,0,95.2,0.6,19.34,7.69,116.44,2.70,3.15,38.45,14.84,1.48,40.63
3,1,5.1,2420,0.47,9.9,36.2,0.06,0.09,1.2,0.57,0.79,1.7,8.29,10.4,4.8,10,85.2,6,15.60,9.55,60.45,2.51,3.89,50.24,23.86,2.39,19.61
3,2,4.3,3790,0.92,5.2,45.4,0.09,0.12,1.2,0.5,1.03,1.7,6.12,2.1,8.8,6,85.2,2.5,17.44,9.43,80.11,3.18,4.12,42.44,17.68,2.83,32.46
3,3,5.7,4620,0.33,8,31.5,0.04,0.08,1.1,0.45,0.52,1.7,5.38,5.2,6.8,8,85.2,1.8,17.65,10.23,74.21,2.00,4.03,54.87,22.45,2.00,16.69
3,4,4.8,11060,0.39,3.3,19.1,0.04,0.05,0.87,0.25,0.42,1.7,2.35,0.91,6.8,2,91.2,1.4,15.09,8.15,69.40,2.50,3.06,54.31,15.61,1.60,24.47
4,1,4.3,5020,0.64,4.1,43.6,0.07,0.11,0.9,0.47,0.83,1.7,4.82,2.3,8.8,10,81.2,3.5,20.58,11.44,91.38,3.20,5.10,41.09,21.46,2.19,29.24
4,2,4.8,5500,0.66,5.2,41.2,0.07,0.1,1.5,0.6,0.84,1.7,3.83,2.2,8.8,2,89.2,1.5,17.13,8.38,87.53,2.39,3.61,51.20,20.48,2.93,22.52
4,3,4.4,13210,0.62,6.2,21.3,0.03,0.05,0.24,0.14,0.51,1.7,2.04,0.81,8.8,0,91.2,0.7,15.42,7.17,82.49,2.77,5.05,22.19,12.95,1.08,57.46
4,4,4.3,10790,0.99,4.7,52.4,0.04,0.13,0.33,0.23,0.78,7.3,2.96,0.8,8.8,8,83.2,8,19.08,9.87,92.14,2.32,7.79,19.14,13.34,1.72,57.66
5,1,4.1,7590,1.92,24.9,58.1,0.05,0.15,1.3,0.85,1.79,3.6,3.35,1.5,6.8,8,85.2,4.7,18.06,9.44,86.18,1.17,3.49,30.43,19.90,4.27,44.98
5,2,3.7,5460,2.23,9.8,48.8,0.06,0.12,0.82,0.48,1.58,4.2,4.28,2.2,6.8,8,85.2,3.1,18.60,9.66,89.38,1.62,3.38,22.12,12.95,3.71,60.08
5,3,4.4,5670,0.63,3.2,26.8,0.05,0.07,0.6,0.38,0.62,1.7,3.95,1.5,6.8,2,91.2,3.6,13.59,7.42,61.71,2.89,3.97,34.66,21.95,1.73,36.45
5,4,4.1,6090,0.99,6,24.6,0.06,0.06,0.83,0.39,1.12,1.7,4.87,1.1,4.8,0,95.2,2.8,14.60,6.65,79.54,2.57,2.70,35.56,16.71,2.33,42.59
6,1,4.5,18610,0.59,10.4,15,0.03,0.04,0.2,0.1,0.26,5.8,15.92,0.6,4.8,4,91.2,0.7,16.38,8.29,80.90,3.12,4.00,20.77,10.39,0.96,61.57
6,2,3.8,8710,1.48,6.1,26.6,0.06,0.07,0.58,0.29,0.95,1.7,2.97,0.18,4.8,2,93.2,2.3,15.52,7.33,81.95,2.42,2.75,23.37,11.69,2.48,59.71
6,3,3.9,10580,1.46,6.9,29.5,0.05,0.08,0.48,0.22,1.06,4.1,2.84,0.77,6.8,4,89.2,3.5,18.96,8.83,101.22,2.18,3.30,20.94,9.60,2.29,63.80
6,4,3.9,12610,1.2,6,29.5,0.04,0.08,0.36,0.16,0.98,1.7,2.22,0.64,4.8,6,89.2,3.7,16.63,8.29,83.43,2.18,4.12,19.62,8.72,1.84,65.12
7,1,4.7,7020,0.71,4.8,101,0.08,0.26,1.8,0.66,0.99,1.7,2.75,1.3,8.8,10,81.2,6.5,21.30,11.14,101.52,2.28,7.38,51.32,18.82,3.51,20.17
7,2,5,5750,0.75,5.1,97.4,0.09,0.25,2.2,0.7,1.13,1.7,4.9,1.1,8.8,10,81.2,7,22.01,11.48,105.34,2.26,6.27,55.20,17.56,3.99,18.71
7,3,4.8,7580,0.76,4.4,96.9,0.1,0.25,1.5,0.59,1.02,1.7,3.22,0.76,6.8,10,83.2,6,20.51,10.63,98.79,3.13,7.78,46.94,18.46,3.20,23.64
7,4,4.6,7780,0.6,3.3,54.2,0.07,0.14,0.81,0.34,0.67,1.7,3.79,0.91,6.8,14,79.2,2.7,21.95,12.47,94.83,3.57,7.08,41.28,17.33,1.96,30.69
8,1,5,3220,0.6,3,116,0.3,0.3,2,2,1.26,6.8,6.72,0.18,12.8,16,71.2,1.1,28.09,15.77,123.17,5.77,5.72,38.44,38.44,5.20,11.58
8,2,4.6,5300,0.88,3.6,143,0.12,0.37,0.99,0.79,0.9,4.4,4.61,0.85,12.8,10,77.2,3.6,25.39,13.44,119.47,3.81,11.64,31.43,25.08,3.15,27.93
8,3,4.2,6050,1.56,4.6,118,0.13,0.3,1.1,0.84,1.65,1.7,4.74,1.4,8.8,16,75.2,5.9,26.50,14.15,123.51,3.31,7.70,28.00,21.38,3.93,39.67
8,4,4.2,8650,1.23,4,93,0.11,0.24,0.92,0.52,0.92,1.7,3.16,0.61,6.8,12,81.2,4.2,25.00,12.34,126.58,3.64,7.89,30.43,17.20,3.02,40.79
9,1,3.9,4860,2.56,9.7,143,0.1,0.36,0.75,0.43,2.2,9,7.91,2.2,8.8,14,77.2,7.3,23.56,13.18,103.80,2.38,8.73,17.85,10.23,4.20,60.97
9,2,3.9,5220,3.21,12,105,0.08,0.27,0.96,0.36,2.26,7.8,7.12,3.2,8.8,14,77.2,6.4,22.10,12.86,92.39,1.64,5.51,19.66,7.37,4.88,65.79
9,3,3.7,6700,2.59,14.2,71.8,0.04,0.18,0.88,0.24,1.94,4.4,4.87,2.1,6.8,8,85.2,4.8,19.70,10.05,96.51,1.02,4.68,22.39,6.11,3.93,65.91
9,4,3.9,7820,3.01,6.6,77.7,0.06,0.2,0.38,0.21,2.11,12.1,4.41,1.9,4.8,12,83.2,6.8,22.70,11.35,113.46,1.55,5.16,9.84,5.44,3.86,77.99
10,1,3.7,7280,2.63,8.5,64,0.06,0.16,0.93,0.43,1.85,4.3,4.65,2.3,4.8,10,85.2,4.5,18.93,9.91,90.16,1.43,3.90,22.10,10.22,4.21,62.46
10,2,3.8,6250,2.42,7.5,86.1,0.05,0.22,0.87,0.42,1.7,4.7,5.01,1.4,6.8,8,85.2,8.4,17.34,9.21,81.36,1.26,5.55,21.87,10.56,3.98,60.79
10,3,4,4930,2.22,7.9,85.9,0.05,0.22,1.1,0.59,1.73,4.2,5.71,2.2,6.8,10,83.2,12.5,17.47,9.32,81.50,1.20,5.27,26.33,14.12,4.18,53.09
10,4,3.7,7030,2.73,8.3,72.9,0.07,0.19,0.6,0.32,1.62,5.3,5.2,2,6.8,8,85.2,5.1,19.61,9.93,96.83,1.79,4.78,15.33,8.18,3.91,69.85
11,1,3.6,3940,1.43,1.1,12.2,0.06,0.03,0.24,0.17,0.91,6.4,6.06,4.9,4.8,8,87.2,1.6,19.62,9.73,98.99,3.10,1.62,12.41,8.79,1.93,74.15
11,2,3.4,2800,1.35,2.6,5.85,0.05,0.03,0.19,0.15,0.84,5.3,8.91,9,4.8,2,93.2,1.5,17.24,7.15,100.87,2.83,1.70,10.75,8.48,1.77,76.24
11,3,3.2,2780,1.83,3.6,19.8,0.06,0.05,0.67,0.21,1.13,8,11.05,6.4,6.8,2,91.2,0.6,17.88,7.91,99.75,2.13,1.80,23.79,7.46,2.82,64.84
11,4,3.4,5360,2.12,2.4,20.2,0.06,0.05,0.33,0.22,1.24,7.1,5.31,3,6.8,8,85.2,0.7,19.95,10.25,97.05,2.16,1.86,11.86,7.91,2.78,76.28
12,1,3.8,4640,2.02,6.8,57,0.06,0.14,0.46,0.25,1.24,7,6.95,6.4,8.8,4,87.2,7,15.23,7.77,74.59,2.05,4.99,15.71,8.54,2.93,68.91
12,2,3.9,4210,1.66,6.9,81.6,0.06,0.21,0.56,0.34,1.46,7.4,7.33,6,6.8,10,83.2,8.6,17.16,9.20,79.58,2.12,7.38,19.76,12.00,2.83,58.71
12,3,3.8,3510,2.14,4.6,94.4,0.08,0.24,1.1,0.57,1.87,5.8,9.19,7.5,6.8,2,91.2,6.4,16.85,7.82,90.30,1.94,5.86,26.63,13.80,4.13,51.83
12,4,3.7,4540,2.14,5.5,101,0.08,0.26,1.1,0.6,1.77,6.4,6.55,5,8.8,8,83.2,6.7,20.04,10.26,97.76,1.91,6.19,26.31,14.35,4.18,51.21
13,1,3.6,3610,2.43,3.8,48.2,0.08,0.12,0.54,0.35,1.37,6.7,8.82,7,6.8,8,85.2,1.2,19.76,9.85,99.06,2.27,3.51,15.35,9.95,3.52,69.02
13,2,3.7,3400,2.43,3.7,67.8,0.13,0.17,0.47,0.31,1.6,8.4,8.68,7.1,10.8,8,81.2,4.2,22.11,11.46,106.44,3.71,4.96,13.40,8.84,3.51,69.22
13,3,3.6,2450,2.63,9.6,84.2,0.06,0.22,0.55,0.28,2.05,9.2,12.12,14.1,8.8,6,85.2,5.4,16.68,9.70,69.81,1.60,5.77,14.71,7.49,3.74,70.31
13,4,3.8,3470,2.25,7.7,104,0.07,0.27,0.7,0.4,1.75,8.4,9.78,8.4,8.8,10,81.2,8,17.93,10.31,76.13,1.90,7.23,18.99,10.85,3.69,60.94
14,1,3.4,3580,4.51,16.5,33.7,0.17,0.09,0.44,0.41,2.31,14.3,11.04,4.4,6.8,8,85.2,0.5,19.82,10.42,93.99,3.02,1.54,7.83,7.29,5.62,80.26
14,2,3.5,4660,2.36,4.3,29.1,0.08,0.07,0.41,0.24,1.42,8,5.76,3.5,6.8,8,85.2,3.5,20.42,11.66,87.64,2.53,2.36,12.97,7.59,3.16,74.69
14,3,3.7,8530,1.41,1.1,16.2,0.06,0.04,0.27,0.21,0.84,5.3,3.68,0.36,6.8,8,85.2,4.7,20.61,10.87,97.33,3.01,2.08,13.53,10.53,1.99,70.93
14,4,3.3,6140,1.62,4,5.85,0.05,0.02,0.22,0.13,0.66,5.3,4.16,2,6.8,10,83.2,1,16.27,10.40,58.67,2.46,0.98,10.81,6.39,2.04,79.37
15,1,3.6,2250,2.12,7.8,21.7,0.1,0.06,0.32,0.21,0.92,9,12.76,10.7,6.8,8,85.2,0.8,17.42,9.59,78.32,3.56,1.98,11.38,7.47,2.81,75.47
15,2,3.8,4070,1.65,5.2,30.9,0.08,0.08,0.28,0.19,1.19,11.3,8.85,6.5,6.8,8,85.2,0.6,18.25,9.84,84.18,3.50,3.47,12.26,8.32,2.28,72.42
15,3,3.6,5500,1.55,3.8,15.3,0.04,0.04,0.22,0.14,0.81,6.6,5.27,5.6,4.8,6,89.2,0.9,16.14,8.23,79.12,2.01,1.97,11.06,7.04,1.99,77.88
15,4,3.9,4750,0.79,2.3,5.85,0.04,0.03,0.17,0.1,0.49,6.4,5.29,3.5,4.8,4,91.2,0.7,15.65,7.74,79.05,3.53,2.65,15.00,8.82,1.13,70.00
16,1,3.8,5250,1.31,5.9,48.7,0.07,0.12,0.62,0.3,1.1,3.6,5.13,1.8,8.8,8,83.2,3.9,18.30,10.32,79.82,2.89,5.16,25.62,12.40,2.42,54.13
16,2,3.8,5300,1.41,6.9,57.2,0.08,0.15,0.74,0.29,1.28,3.8,6.04,0.41,8.8,4,87.2,2,15.83,8.91,69.18,2.99,5.48,27.66,10.84,2.67,52.90
16,3,3.7,4360,1.41,6.2,43.9,0.1,0.11,0.71,0.3,1.24,6,6.82,2.5,4.8,0,95.2,4.3,12.80,5.75,70.58,3.81,4.29,27.04,11.43,2.63,53.53
16,4,3.6,7350,1.18,5.6,36.1,0.06,0.09,0.41,0.28,1.02,1.7,3.99,0.59,6.8,8,85.2,4.4,16.04,9.19,68.44,2.98,4.59,20.34,13.89,2.02,58.33
17,1,5.1,1700,0.75,28.9,139,0.12,0.35,2.3,0.78,1.25,6,15.77,10.6,8.8,8,83.2,7.4,23.79,11.53,122.58,2.79,8.30,53.54,18.16,4.30,17.36
17,2,3.9,2440,0.93,13.8,91.6,0.09,0.23,0.56,0.44,0.59,6.2,8.49,9.4,8.8,6,85.2,12.9,23.63,10.77,128.62,4.00,10.45,24.92,19.58,2.25,41.26
17,3,4.8,2380,0.57,20.2,175,0.09,0.45,1.2,0.64,0.68,3.8,10.08,9.2,8.8,8,83.2,11.2,24.87,11.78,130.86,3.05,15.19,40.63,21.67,2.95,19.42
17,4,4.4,1390,0.66,23.6,154,0.11,0.39,0.79,0.57,0.61,7.2,20.7,18.9,8.8,6,85.2,8.5,25.48,11.56,139.24,4.37,15.67,31.35,22.62,2.52,26.18
