Date;Season;Sampling_event;Vegetation_type;Elevation;Acropyga arnoldi;Aenictus rotundatus;Aenictus sp.1;Anochetus levaillanti;Anoplolepis custodiens;Anoplolepis steingroeveri;Bothroponera cavernosa;Bothroponera pumicosa;Camponotus angusticeps;Camponotus baynei;Camponotus emarginatus;Camponotus fulvopilosus;Camponotus irredux;Camponotus mystaceus;Camponotus niveosetosus;Camponotus simulans;Camponotus sp.1;Camponotus sp.10;Camponotus sp.11;Camponotus sp.12;Camponotus sp.13;Camponotus sp.14;Camponotus sp.16;Camponotus sp.2;Camponotus sp.28;Camponotus sp.3;Camponotus sp.4;Camponotus sp.5;Camponotus sp.6;Camponotus sp.7;Camponotus sp.8;Camponotus sp.maculatus group;Camponotus vestitus;Cardiocondyla shuckardi;Cerapachys wroughtoni;Crematogaster melanogaster;Crematogaster peringueyi;Crematogaster sp.1;Crematogaster sp.2;Crematogaster sp.3;Crematogaster sp.4;Crematogaster sp.5;Crematogaster sp.7;Dorylus helvolus;Hypoponera sp.1;Lepisiota sp.4;Lepisiota sp.5;Lepisiota sp.6;Lepisiota sp.7;Lepisiota sp.capensis;Lepisiota sp.spinonsior;Leptogenys peringueyi;Leptothorax sp.1;Leptothorax sp.2;Leptothorax sp.3;Leptothorax sp.4;Leptothorax sp.6;Meranoplus peringueyi;Messor capensis;Messor decipiens;Messor sp.1;Monomorium esharre;Monomorium excelsior;Monomorium fridae;Monomorium havilandi;Monomorium macrops;Monomorium sp.1;Monomorium sp.10;Monomorium sp.2;Monomorium sp.3;Monomorium sp.5;Monomorium sp.6;Monomorium sp.7;Monomorium sp.8;Monomorium sp.9;Monomorium speculiceps;Monomorium willowmorense;Monomorium xanthognathum;Myrmicaria nigra;Nesomyrmex antoinettea;Nesomyrmex cederbergensis;Nesomyrmex ezantsi;Nesomyrmex karooensis;Nesomyrmex ruani;Nesomyrmex sp. njengelanga;Ocymyrmex barbiger;Pheidole sp.4;Plagiolepis sp.1;Plagiolepis sp.2;Solenopsis punctaticeps;Strumigenys sp.1;Tapinolepis sp.1;Tapinoma sp.1;Technomyrmex pallipes;Technomyrmex sp.1;Tetramorium capensis;Tetramorium dichroum;Tetramorium erectum;Tetramorium frigidum;Tetramorium jordani;Tetramorium sericeiventre;Tetramorium solidum;Tetramorium sp.10;Tetramorium sp.12;Tetramorium sp.1C;Tetramorium sp.2;Tetramorium sp.20;Tetramorium sp.22;Tetramorium sp.3;Tetramorium sp.4;Tetramorium sp.7;Tetramorium sp.8;Tetramorium sp.9;Tetramorium squaminode
Mar_2003;March;2002-2003;Strandveld;0 m a.s.l. W;0;0;0;0;0;0;0;0;0;0;0;0;0;1;0;0;0;0;0;17;0;0;0;0;0;0;0;0;5;0;0;0;0;0;0;0;0;0;54;0;0;0;0;0;0;0;0;0;0;47;0;0;1;0;0;0;0;0;0;0;0;0;0;3502;0;0;0;0;0;0;0;0;0;0;0;0;0;0;65;0;0;0;0;0;0;82;0;0;0;4;0;0;0;0;20;0;0;0;0;0;0;0;0;0;0;0;0;0;0;0;0;0;0;0
Mar_2023;March;2022-2023;Strandveld;0 m a.s.l. W;0;0;0;0;0;1;0;0;0;0;0;0;0;1;0;0;0;0;0;0;0;0;0;0;0;0;0;0;0;0;0;0;0;0;0;0;0;0;0;0;0;60;0;0;0;3;0;0;0;325;0;0;0;0;0;0;0;0;0;0;0;3;59;532;0;0;0;0;0;0;0;0;0;0;0;0;0;0;50;0;0;4;0;0;0;9;0;0;0;2;0;0;12;0;0;0;0;0;0;0;0;0;0;0;0;0;0;0;0;0;0;0;0;0
Oct_2002;October;2002-2003;Strandveld;0 m a.s.l. W;0;0;0;0;0;0;0;0;0;0;0;0;0;0;0;0;0;0;0;0;0;0;0;0;0;0;0;0;0;0;0;1;0;0;0;0;0;155;8;1;0;0;0;0;0;0;0;0;0;61;0;0;2;0;0;0;0;0;0;0;0;0;0;2322;0;0;0;0;0;0;0;1;0;0;0;0;0;0;49;0;0;0;0;0;0;54;0;0;0;10;0;0;0;29;0;0;0;0;0;0;0;0;0;0;0;0;0;0;0;0;0;0;0;0
Oct_2022;October;2022-2023;Strandveld;0 m a.s.l. W;0;0;0;0;0;0;0;0;0;2;0;0;0;1;1;0;0;0;0;0;0;0;0;0;0;0;0;0;0;0;0;0;0;0;0;0;8;0;0;0;4;0;4;0;0;2;0;0;0;166;0;0;0;0;0;0;0;0;0;0;0;2;0;412;1;0;0;0;0;0;0;0;0;0;0;0;16;0;93;0;0;0;0;0;0;5;0;0;0;4;0;0;0;12;0;0;0;0;0;0;0;0;0;0;0;0;0;0;0;0;0;0;0;0
Mar_2003;March;2002-2003;Restioid;200 m a.s.l. W;0;0;0;0;58;480;12;0;5;0;0;7;0;44;0;0;0;0;0;0;0;0;0;0;0;0;0;0;1;0;0;2;0;0;0;1;0;0;0;0;0;0;0;0;0;0;0;0;0;154;0;0;0;0;0;0;0;0;2;0;0;0;0;2140;0;0;0;0;18;0;0;0;47;0;0;6;0;0;0;0;0;0;0;0;0;345;237;0;0;2;0;0;0;0;0;0;0;0;0;0;24;2;0;0;0;0;0;0;0;0;5;0;0;0
Mar_2023;March;2022-2023;Restioid;200 m a.s.l. W;0;0;0;0;0;0;0;0;1;0;0;0;0;23;0;0;0;0;0;0;0;0;0;0;0;0;0;0;0;4;0;2;0;0;0;0;0;0;0;0;0;0;0;0;0;0;0;0;0;23;0;0;0;0;0;0;0;0;0;0;0;0;0;4551;0;0;0;0;0;0;0;0;24;0;0;0;2;1;0;0;0;0;0;0;0;17;113;0;0;0;0;16;0;0;0;0;0;1;0;1;5;8;0;0;0;0;0;0;3;0;0;0;0;0
Oct_2002;October;2002-2003;Restioid;200 m a.s.l. W;0;0;3;0;22;966;0;0;9;0;0;11;0;26;0;0;0;0;0;0;0;0;0;0;0;0;0;0;0;0;0;0;0;0;0;0;0;0;0;3;0;0;0;0;0;0;0;0;0;25;0;0;0;0;0;0;0;0;0;0;0;0;0;3474;0;197;0;0;42;0;0;73;59;1;0;0;0;0;0;0;0;0;0;0;0;143;269;0;0;7;0;0;0;0;0;0;0;0;0;0;1;6;0;0;0;0;0;0;0;0;20;0;2;0
Oct_2022;October;2022-2023;Restioid;200 m a.s.l. W;0;0;0;0;0;0;0;0;2;1;0;3;0;31;0;0;0;0;0;0;2;0;0;0;0;0;0;0;0;1;0;1;0;0;0;2;0;0;0;0;0;0;0;0;0;0;0;1;0;7;0;0;0;0;0;0;0;0;0;0;0;0;0;4386;0;0;0;0;0;0;0;0;112;0;0;0;0;6;0;0;0;0;0;0;0;89;89;0;0;2;0;27;0;0;0;0;0;0;0;5;0;4;2;0;0;0;0;0;6;0;0;0;0;0
Mar_2003;March;2002-2003;Proteoid;300 m a.s.l. W;0;1;0;1;13;0;1;0;0;0;0;19;0;8;1;0;0;0;0;0;0;0;1;0;0;0;0;0;0;1;0;0;0;0;0;20;0;0;0;0;0;0;0;0;0;0;0;0;0;43;0;0;0;3;0;0;0;0;0;0;0;0;0;6311;0;4;0;0;44;0;0;0;46;0;0;0;0;5;0;0;0;0;0;0;0;452;41;0;0;0;0;0;0;0;46;0;0;0;0;0;138;0;7;0;0;4;0;0;0;0;38;0;0;0
Mar_2023;March;2022-2023;Proteoid;300 m a.s.l. W;0;0;0;0;0;3872;0;0;0;0;0;15;0;38;2;0;0;0;0;0;0;0;3;0;0;0;0;0;0;0;0;4;0;0;0;0;0;0;0;0;0;0;0;0;0;0;0;0;0;64;0;0;0;0;0;0;0;0;0;6;0;0;6;3382;0;0;0;0;46;0;0;0;22;0;0;0;0;1;0;0;0;0;0;3;0;169;441;0;0;0;0;103;0;0;0;0;0;0;0;76;133;84;0;0;7;0;0;0;3;0;5;0;0;0
Oct_2002;October;2002-2003;Proteoid;300 m a.s.l. W;0;0;0;0;24;13;14;0;0;0;0;52;0;13;2;0;0;0;0;0;0;0;1;0;0;0;0;0;0;0;0;0;1;0;1;48;0;0;0;0;0;0;0;1;0;0;0;0;0;27;0;0;0;2;3;0;0;0;0;0;2;0;0;2539;0;2;0;0;34;0;7;0;19;0;0;0;0;22;0;0;0;0;0;0;0;199;24;0;0;2;0;0;0;0;0;0;0;0;0;0;178;0;194;0;0;1;0;0;0;0;21;0;0;0
Oct_2022;October;2022-2023;Proteoid;300 m a.s.l. W;0;0;0;0;0;264;0;0;0;0;0;17;0;14;3;0;0;0;0;0;0;0;0;0;0;0;0;0;0;0;0;1;0;0;0;0;0;0;0;0;0;0;0;1;0;0;0;0;0;12;0;0;0;0;0;0;0;0;3;2;0;0;11;688;25;0;0;0;5;0;0;0;13;0;0;0;0;11;0;0;0;0;0;14;0;173;130;0;0;2;0;37;0;0;0;0;0;0;2;16;167;88;0;0;7;0;0;0;5;0;0;0;0;0
Mar_2003;March;2002-2003;Proteoid;500 m a.s.l. W;0;1;0;0;2;296;0;0;2;0;0;15;0;10;4;0;0;0;0;0;0;0;0;0;0;0;0;0;0;0;0;4;0;3;0;0;0;0;0;0;0;0;0;0;0;0;0;0;0;135;0;0;0;5;1;0;0;0;0;0;0;0;0;2709;0;0;0;0;122;0;0;0;78;0;0;0;0;0;0;0;0;0;0;0;0;166;406;0;0;1;0;0;0;0;3;0;0;0;12;0;79;0;0;0;0;10;0;0;2;0;3;0;0;0
Mar_2023;March;2022-2023;Proteoid;500 m a.s.l. W;0;0;1217;0;0;1720;0;0;4;0;0;11;0;19;3;7;0;0;0;0;0;0;0;0;0;6;0;0;0;0;0;2;0;35;0;0;0;0;0;0;0;0;0;21;0;0;0;0;0;118;0;0;0;0;0;0;0;0;0;0;2;0;7;4419;8;0;0;0;255;1;0;0;40;0;0;0;0;0;0;0;0;0;0;6;0;271;240;0;0;1;0;36;0;0;0;0;0;0;7;0;105;18;0;0;4;0;0;0;21;0;0;0;0;0
Oct_2002;October;2002-2003;Proteoid;500 m a.s.l. W;0;0;0;0;3;73;0;0;7;0;3;20;0;7;0;0;0;0;0;0;0;0;0;0;0;0;0;8;0;3;0;0;0;15;0;0;0;1;0;0;0;0;0;1;0;0;0;0;0;25;35;0;1;8;2;0;0;0;0;0;3;0;0;4497;0;1;0;0;20;0;0;0;30;0;0;0;0;0;0;0;0;0;0;0;0;78;433;0;0;13;0;0;0;0;0;0;0;0;4;0;44;0;0;0;0;2;0;0;1;0;0;0;0;0
Oct_2022;October;2022-2023;Proteoid;500 m a.s.l. W;0;0;0;0;0;281;0;0;1;0;0;14;0;6;8;0;0;0;0;0;0;0;0;0;0;1;0;0;0;0;0;2;0;10;0;0;0;0;0;0;0;0;0;0;0;0;0;0;0;9;1;1;0;0;0;0;0;0;0;8;0;0;0;6253;0;0;0;0;94;0;0;0;7;0;0;0;0;0;0;0;0;0;0;2;0;139;105;0;0;0;0;15;0;0;0;0;0;0;1;0;74;9;1;0;3;0;0;0;1;0;0;0;0;0
Mar_2003;March;2002-2003;Proteoid;700 m a.s.l. W;0;0;0;0;0;2011;0;0;24;0;0;2;0;25;0;0;0;0;0;0;0;0;3;0;0;0;0;0;0;0;0;0;6;29;0;2;0;0;0;0;0;0;0;0;0;0;0;0;0;19;0;0;0;6;0;0;0;0;0;0;0;0;0;4509;0;0;4;0;0;0;1;0;61;0;0;0;0;0;0;0;0;0;0;0;0;84;325;0;0;0;0;0;0;0;5;0;0;0;0;0;22;0;0;0;0;53;0;0;2;0;0;3;0;0
Mar_2023;March;2022-2023;Proteoid;700 m a.s.l. W;0;0;0;0;0;1558;0;0;4;0;0;0;0;13;0;0;0;0;0;0;0;0;0;0;0;4;0;0;0;0;0;0;8;20;0;0;0;0;0;0;0;0;0;3;0;0;0;0;0;31;0;0;0;0;0;0;0;0;0;0;0;0;0;2811;0;0;0;0;4;2;0;0;36;0;0;0;0;0;0;0;0;0;0;1;0;6;401;0;0;1;0;0;0;0;0;0;0;0;7;0;54;0;0;0;0;0;0;0;0;0;11;0;0;0
Oct_2002;October;2002-2003;Proteoid;700 m a.s.l. W;0;0;0;0;0;430;0;0;4;0;0;4;0;51;0;0;0;0;0;0;0;0;5;0;0;0;0;0;0;4;0;1;2;24;0;0;0;0;0;0;0;0;0;0;0;0;0;0;0;20;0;0;0;17;0;0;1;0;0;0;0;0;0;3996;0;3;0;0;29;0;0;0;28;0;0;0;0;0;0;0;0;0;0;0;0;51;150;0;0;0;0;0;0;9;0;0;0;0;3;0;71;0;0;0;0;5;0;0;15;0;0;0;0;0
Oct_2022;October;2022-2023;Proteoid;700 m a.s.l. W;0;0;0;0;0;253;0;0;10;0;0;0;0;13;4;0;0;0;0;0;0;0;0;0;0;2;0;0;0;0;0;0;26;78;0;1;0;0;0;0;0;0;0;0;0;0;0;0;0;15;0;0;0;0;0;0;0;0;1;0;1;0;0;2819;0;0;0;0;19;0;0;0;12;0;0;0;0;0;0;0;0;0;0;2;0;23;115;0;0;1;0;0;13;0;0;0;0;0;5;0;57;0;0;0;0;0;0;0;0;0;4;0;0;0
Mar_2003;March;2002-2003;Restioid;900 m a.s.l. W;0;0;0;0;56;30;0;0;1;0;0;0;0;1;0;0;0;0;0;0;0;0;0;2;0;0;0;0;0;0;1;14;0;0;0;0;0;0;0;0;0;0;0;0;0;0;0;0;0;213;0;0;0;0;0;0;0;0;0;0;0;0;0;199;0;0;0;0;0;0;0;0;61;0;0;0;0;10;0;0;0;0;0;0;0;64;49;0;3;0;0;0;3;0;0;0;0;1;4;0;35;0;0;0;0;4;0;0;9;0;0;0;0;0
Mar_2023;March;2022-2023;Restioid;900 m a.s.l. W;0;0;0;0;0;24392;0;0;2;0;0;0;0;2;0;6;0;0;0;0;0;0;0;0;0;0;0;0;0;2;0;0;0;27;0;0;0;0;0;0;0;0;0;0;0;0;0;0;0;180;0;0;0;0;0;0;0;0;0;0;0;0;0;575;0;0;0;0;0;8;0;0;110;0;0;0;0;4;0;0;0;0;0;0;0;14;24;2;0;0;0;0;6;0;0;0;2;0;10;0;16;0;0;0;20;0;0;0;0;0;3;0;0;0
Oct_2002;October;2002-2003;Restioid;900 m a.s.l. W;0;0;0;0;149;94;0;0;6;0;0;0;0;34;0;0;0;0;0;0;0;0;1;0;0;0;0;0;0;0;0;0;0;2;0;0;0;2;2;0;0;0;0;0;0;0;0;84;0;6;0;0;0;0;0;0;0;0;0;0;0;0;0;297;0;0;0;0;0;0;0;0;18;0;0;0;0;3;0;0;0;0;0;0;0;53;110;0;7;0;0;0;0;0;0;0;1;0;3;0;56;0;8;0;0;0;0;0;13;0;0;0;0;0
Oct_2022;October;2022-2023;Restioid;900 m a.s.l. W;0;0;0;0;0;469;0;0;10;0;0;0;0;1;0;0;0;0;0;0;0;0;0;0;0;0;0;0;0;0;0;0;0;29;0;0;0;0;0;0;0;0;0;0;0;0;0;0;0;25;0;0;0;0;0;0;0;0;0;0;0;0;0;496;0;0;0;0;0;0;0;0;61;0;0;0;0;0;0;0;0;0;0;0;0;15;9;2;5;0;0;0;0;3;0;0;0;0;0;0;13;0;0;0;17;0;0;0;2;0;0;0;0;0
Mar_2003;March;2002-2003;Ericaceous;1100 m a.s.l. W;0;0;0;0;624;0;0;0;23;0;0;0;0;0;3;0;0;0;0;0;0;0;0;0;0;0;0;0;0;0;0;2;4;0;0;0;0;1;0;0;0;0;0;0;0;0;0;0;0;56;0;0;0;0;0;0;0;0;0;0;0;0;0;0;70;0;0;0;0;0;0;0;79;0;0;0;0;0;0;0;0;0;0;0;0;195;96;0;0;1;0;0;0;0;0;0;0;0;0;0;63;15;0;0;0;0;0;0;1;0;0;0;0;0
Mar_2023;March;2022-2023;Ericaceous;1100 m a.s.l. W;0;0;0;0;857;994;0;0;7;0;0;0;0;21;11;0;0;0;0;0;0;0;2;0;0;1;0;0;0;0;0;0;7;0;0;0;0;0;0;0;3;0;0;0;0;0;0;0;0;31;0;0;0;0;0;0;0;2;0;0;5;0;0;0;8;0;0;0;0;0;0;0;16;0;0;0;0;0;0;0;0;0;0;0;0;264;155;0;0;0;0;0;0;0;0;0;0;0;4;0;98;25;0;0;4;0;0;0;0;0;0;0;0;0
Oct_2002;October;2002-2003;Ericaceous;1100 m a.s.l. W;0;0;0;0;275;0;0;0;6;0;0;0;0;9;15;0;0;0;0;0;0;0;0;0;0;0;0;0;0;1;0;0;4;2;0;0;0;15;0;0;0;0;0;0;0;0;0;0;0;19;0;0;0;0;0;0;0;0;0;0;0;0;0;2;86;0;0;0;0;0;0;0;17;0;0;0;0;0;0;0;0;0;0;0;0;58;22;0;88;1;0;0;0;0;0;0;0;2;2;0;57;25;0;0;0;0;0;0;0;0;0;0;0;0
Oct_2022;October;2022-2023;Ericaceous;1100 m a.s.l. W;0;0;0;0;223;14;0;0;15;0;0;0;0;13;7;0;0;0;0;0;0;0;7;0;2;14;0;0;0;7;0;0;1;3;0;0;0;23;0;0;0;0;0;0;0;0;0;0;0;8;0;0;0;0;0;0;0;0;0;0;0;0;0;0;10;0;0;0;0;0;0;0;76;0;0;0;0;0;0;0;4;0;0;0;0;188;121;0;0;0;0;0;0;0;0;0;0;0;1;0;52;21;0;0;11;0;0;0;0;0;0;0;0;0
Mar_2003;March;2002-2003;Ericaceous;1300 m a.s.l. W;0;0;0;0;41;0;0;0;46;0;6;0;0;0;0;0;2;0;0;0;0;0;0;0;0;0;6;0;3;0;0;0;9;4;0;0;0;1;0;0;0;0;0;0;0;9;0;0;0;22;1;0;0;0;0;0;0;0;0;0;0;0;0;1164;20;0;0;0;0;0;0;0;64;0;0;0;0;0;0;0;0;0;0;0;0;155;0;0;8;0;0;0;0;0;1;0;0;0;0;0;16;0;0;0;0;0;0;0;13;0;0;0;0;0
Mar_2023;March;2022-2023;Ericaceous;1300 m a.s.l. W;0;0;0;0;174;433;0;0;3;0;0;0;0;0;4;0;0;0;0;0;0;0;6;0;0;0;0;0;0;0;0;0;3;2;0;0;0;0;0;0;1;0;0;0;0;2;0;0;0;67;0;0;0;0;0;0;0;0;0;0;3;0;0;168;49;0;0;0;0;0;0;0;16;0;0;0;0;0;0;0;0;0;0;0;0;264;39;1;3;0;0;0;4;0;0;0;0;0;1;0;75;0;0;0;14;0;0;0;0;12;0;0;0;0
Oct_2002;October;2002-2003;Ericaceous;1300 m a.s.l. W;0;0;0;0;46;0;0;0;7;0;0;0;1;0;9;0;3;0;0;0;0;0;2;0;0;0;0;0;0;0;0;0;7;3;1;0;0;19;0;0;0;0;0;0;0;0;0;0;0;8;0;0;0;0;0;0;0;0;0;0;1;0;0;893;139;0;0;0;0;0;0;0;25;0;0;0;0;6;0;0;0;0;0;0;0;24;0;0;49;0;0;0;5;2;0;0;0;0;2;0;5;0;0;0;0;0;0;0;6;1;0;0;0;0
Oct_2022;October;2022-2023;Ericaceous;1300 m a.s.l. W;0;0;0;0;74;53;0;0;8;0;0;0;0;2;19;0;0;0;0;0;0;0;13;0;0;0;0;0;0;0;0;0;4;19;0;0;0;0;0;0;0;0;0;0;0;0;0;0;0;17;1;0;0;0;0;0;0;0;0;0;0;0;0;296;114;0;0;0;0;1;0;0;26;0;0;0;40;10;0;0;1;0;0;0;0;119;8;0;2;33;0;0;4;0;0;0;0;0;14;1;62;2;0;0;20;0;0;0;0;0;0;0;0;0
Mar_2003;March;2002-2003;Ericaceous;1500 m a.s.l. W;0;0;0;0;25;0;0;4;0;0;0;0;0;1;0;0;5;0;0;0;0;0;0;0;0;0;0;0;5;0;0;6;0;0;0;0;0;4;0;0;0;0;0;0;0;0;0;0;0;8;0;0;0;0;0;0;0;0;0;0;0;0;0;980;0;0;0;0;0;0;0;0;32;0;0;50;0;0;0;0;0;0;0;0;0;25;19;0;10;0;0;0;0;0;0;0;0;0;26;0;0;0;0;0;0;0;0;0;12;0;8;0;0;0
Mar_2023;March;2022-2023;Ericaceous;1500 m a.s.l. W;0;0;0;0;127;0;0;20;0;0;0;0;0;0;5;2;0;0;0;0;0;0;0;0;0;0;0;0;0;0;0;0;0;0;0;0;0;25;0;0;0;0;0;0;0;0;0;0;0;0;0;0;0;0;0;0;0;0;0;0;1;0;0;152;0;0;0;0;0;0;0;0;0;0;0;0;0;0;0;0;0;0;0;0;0;23;7;0;0;1;0;0;0;0;0;0;0;0;6;0;22;0;0;0;0;0;0;0;0;40;0;0;0;0
Oct_2002;October;2002-2003;Ericaceous;1500 m a.s.l. W;0;0;0;0;123;0;3;0;0;0;0;0;0;0;0;0;1;0;0;0;0;0;0;0;0;0;0;0;2;0;0;4;0;0;0;0;0;158;0;0;0;0;0;0;0;0;0;0;0;8;0;0;0;0;0;0;0;0;0;0;0;0;0;784;0;0;0;0;0;0;0;0;2;0;0;0;0;0;0;0;0;0;0;0;0;3;17;0;82;0;1;0;0;0;0;0;0;0;10;0;0;0;0;0;0;0;0;0;9;5;0;0;0;0
Oct_2022;October;2022-2023;Ericaceous;1500 m a.s.l. W;0;0;0;0;186;0;0;14;0;0;0;0;0;0;6;0;0;0;0;0;0;0;0;0;8;0;0;0;0;0;0;2;0;0;0;0;0;50;0;0;2;0;0;0;0;0;0;0;0;1;0;0;0;0;0;0;0;0;0;0;0;0;0;796;0;0;0;0;0;1;0;0;11;0;0;0;9;0;0;0;0;0;0;0;0;32;27;42;116;0;0;0;0;0;0;0;0;0;22;0;3;0;0;0;2;0;0;0;0;0;0;0;0;0
Mar_2003;March;2002-2003;Ericaceous;1700 m a.s.l. W;0;0;0;0;369;0;0;1;0;0;0;0;0;0;0;0;3;0;0;0;0;0;0;13;0;0;0;0;3;0;0;29;0;0;0;0;0;0;0;0;0;0;0;0;0;0;0;0;0;38;0;0;0;0;0;7;0;0;0;0;0;0;0;0;0;0;0;0;0;0;0;0;43;0;0;23;0;0;0;0;0;0;0;0;0;63;19;0;0;0;0;0;0;0;0;0;0;0;4;0;0;0;0;2;0;0;0;0;0;0;0;0;0;0
Mar_2023;March;2022-2023;Ericaceous;1700 m a.s.l. W;0;0;0;0;211;0;0;0;0;0;0;0;0;0;1;9;0;0;0;1;0;0;0;0;0;1;0;0;0;0;0;2;0;0;0;0;0;0;0;0;0;0;0;0;0;0;0;0;0;3;0;0;0;0;0;0;0;0;0;0;2;0;0;24;0;0;0;0;0;0;0;0;5;0;0;0;0;0;0;0;0;0;0;0;0;0;0;0;0;0;0;0;0;0;0;0;0;0;3;0;4;0;0;16;0;0;0;0;0;0;0;0;0;0
Oct_2002;October;2002-2003;Ericaceous;1700 m a.s.l. W;0;0;0;0;475;0;0;3;0;0;1;0;0;0;2;0;0;0;0;0;0;0;0;7;0;0;0;0;7;0;0;14;0;0;0;0;0;11;0;13;0;0;0;0;0;0;0;0;0;14;0;0;0;0;0;19;0;0;2;0;0;0;0;0;0;0;0;0;0;0;2;0;28;0;0;1;0;0;0;0;0;0;0;0;0;8;11;0;4;16;0;0;9;0;0;0;0;0;0;0;0;0;0;30;0;0;0;0;0;0;0;0;0;0
Oct_2022;October;2022-2023;Ericaceous;1700 m a.s.l. W;0;0;0;0;206;0;0;0;0;0;0;0;0;3;1;12;0;0;0;0;0;0;0;0;0;0;0;0;0;0;0;2;0;0;0;0;0;0;0;0;1;0;0;0;0;0;0;0;0;18;0;0;0;0;0;0;0;0;1;0;0;0;0;4;0;0;0;0;0;3;0;0;139;0;0;0;41;0;0;5;0;0;0;0;0;35;20;1;54;14;0;0;0;0;0;0;0;0;0;0;0;0;0;7;0;0;0;0;0;0;0;0;0;0
Mar_2003;March;2002-2003;Alpine;1900 m a.s.l. (Peak);0;0;0;0;0;0;0;0;0;0;0;0;0;0;0;0;1;0;0;0;0;1;0;0;0;0;3;0;0;0;0;3;0;0;0;0;0;2;0;0;0;0;0;0;0;0;0;0;0;12;0;0;0;0;0;0;0;0;0;0;0;0;0;274;0;0;0;0;0;0;0;0;0;6;0;5;0;0;0;0;0;0;0;0;0;0;7;0;0;4;0;0;0;0;1;0;0;0;1;0;0;0;0;0;0;0;0;0;0;0;0;0;0;0
Mar_2023;March;2022-2023;Alpine;1900 m a.s.l. (Peak);0;0;0;0;178;0;0;0;0;0;0;0;0;0;0;0;0;0;0;1;0;0;0;0;2;0;0;0;0;0;0;2;0;0;0;0;0;0;0;0;1;0;0;0;0;0;0;0;0;2;0;0;0;0;0;0;0;0;0;0;0;0;0;0;0;0;0;0;0;0;0;0;0;0;0;0;0;0;0;0;0;0;0;0;0;0;103;0;0;6;0;0;0;0;0;0;0;0;0;0;0;0;0;0;1;0;0;0;0;0;0;0;0;0
Oct_2002;October;2002-2003;Alpine;1900 m a.s.l. (Peak);0;0;0;0;15;0;0;0;0;0;0;0;0;0;0;0;13;0;0;0;0;0;0;0;0;2;0;0;0;0;1;1;0;0;0;0;0;31;0;0;0;0;0;0;0;0;0;0;0;6;0;0;0;0;0;0;0;1;0;0;0;0;0;209;0;0;0;0;1;0;1;0;4;0;0;0;0;0;0;0;0;0;0;0;0;1;10;0;5;12;0;0;0;0;0;0;0;0;8;0;0;0;0;0;0;0;0;0;37;0;0;0;0;0
Oct_2022;October;2022-2023;Alpine;1900 m a.s.l. (Peak);0;0;0;0;147;0;0;0;0;7;0;0;0;0;0;0;0;0;0;0;0;0;7;0;9;0;0;0;0;0;0;1;0;0;0;0;0;20;0;0;0;0;0;0;0;0;0;0;1;2;0;0;0;0;0;0;0;2;0;0;0;0;0;18;0;0;0;4;0;1;0;0;0;0;0;0;0;0;0;0;0;0;0;0;3;0;8;0;0;59;0;0;9;0;0;0;0;0;1;0;0;0;0;0;13;0;0;0;0;0;0;0;0;0
Mar_2003;March;2002-2003;Ericaceous;1700 m a.s.l. E;0;0;0;0;500;0;0;3;0;0;0;0;0;1;0;0;0;0;0;0;0;0;0;2;0;0;0;0;0;0;0;12;0;0;0;0;0;0;0;0;0;0;0;0;1;0;0;0;0;46;0;0;0;0;0;29;0;0;0;0;0;0;0;0;0;0;0;0;0;0;0;0;80;0;0;8;0;0;0;0;0;0;0;0;0;115;34;0;16;0;0;0;0;0;0;0;0;0;0;0;0;0;0;0;0;0;0;0;0;0;0;0;0;0
Mar_2023;March;2022-2023;Ericaceous;1700 m a.s.l. E;0;0;0;0;344;0;0;0;0;0;0;0;0;0;0;0;0;0;0;0;0;0;0;0;0;0;0;0;0;0;0;0;0;0;0;0;0;0;0;0;0;0;0;0;0;0;0;0;0;2;0;0;0;0;0;0;0;0;0;0;0;0;0;0;0;0;0;0;0;0;0;0;0;0;0;0;0;0;0;1;0;0;0;0;0;0;0;0;0;0;0;0;0;0;0;0;0;0;0;0;0;0;0;0;0;0;1;0;0;0;0;0;0;0
Oct_2002;October;2002-2003;Ericaceous;1700 m a.s.l. E;0;0;0;0;231;0;0;1;0;0;0;0;0;0;0;0;0;0;0;0;0;0;0;8;0;0;0;0;0;0;0;3;0;0;0;0;0;0;0;1;0;0;0;0;0;1;0;0;0;20;0;0;0;0;0;2;0;0;0;0;0;0;0;0;0;0;0;0;0;0;0;0;27;0;0;11;0;0;0;0;0;0;0;0;0;31;20;0;30;1;0;0;0;0;0;0;0;0;1;0;1;0;0;3;0;0;0;0;0;0;0;0;0;0
Oct_2022;October;2022-2023;Ericaceous;1700 m a.s.l. E;0;0;0;0;915;0;0;0;0;0;0;0;0;0;0;10;0;0;0;0;0;0;0;0;0;0;0;0;0;0;0;0;0;0;0;0;0;4;0;0;0;0;0;0;0;0;0;0;0;35;0;0;0;0;0;0;0;0;0;0;0;0;0;0;0;0;0;0;0;0;0;0;68;0;0;0;1;0;0;3;0;0;0;0;0;80;12;1;10;3;0;0;0;0;0;0;0;0;2;0;0;0;0;5;0;0;0;0;0;0;0;0;0;0
Mar_2003;March;2002-2003;Ericaceous;1500 m a.s.l. E;0;0;0;0;66;0;0;1;0;0;0;0;0;1;0;0;0;2;0;0;0;0;1;0;0;0;0;0;5;0;0;0;0;0;0;0;0;13;0;1;0;0;0;0;0;4;0;0;0;12;0;0;0;0;0;1;0;0;0;0;0;0;0;194;0;0;0;0;0;0;0;0;24;0;0;58;0;0;0;0;0;0;0;0;0;158;49;0;31;0;0;0;13;0;0;0;0;2;31;0;66;0;0;0;0;0;0;0;4;0;0;0;0;0
Mar_2023;March;2022-2023;Ericaceous;1500 m a.s.l. E;0;0;0;0;10;0;0;0;0;0;0;0;0;0;0;0;0;0;0;0;0;0;0;0;0;0;0;0;0;0;0;0;0;0;0;0;0;1;0;0;0;0;0;0;0;0;0;0;0;4;0;0;0;0;0;0;0;0;0;0;0;0;0;1030;0;0;0;0;0;0;0;0;0;0;0;0;0;0;0;0;0;0;0;0;0;0;2;0;0;0;0;0;35;0;0;0;0;1;5;0;0;0;0;1;0;0;0;0;0;0;1;0;0;0
Oct_2002;October;2002-2003;Ericaceous;1500 m a.s.l. E;0;0;0;0;94;0;0;0;0;0;0;0;0;0;0;0;0;0;0;0;0;0;0;3;0;0;0;0;1;0;0;0;0;0;0;0;0;3;0;8;0;0;0;0;0;0;0;0;0;5;0;0;0;0;0;0;0;0;0;0;0;0;0;1;0;0;0;0;0;0;0;0;2;0;0;108;0;0;0;0;0;0;0;0;0;10;31;0;38;2;0;0;22;0;0;0;1;0;16;0;13;0;0;0;0;0;0;0;34;0;1;0;0;0
Oct_2022;October;2022-2023;Ericaceous;1500 m a.s.l. E;0;0;0;0;21;0;0;0;2;0;0;0;0;0;1;0;0;0;1;1;0;0;0;0;0;0;0;0;0;0;0;0;0;0;0;0;0;2;0;0;1;0;0;0;0;0;0;0;0;55;0;0;0;0;0;0;0;0;0;0;0;0;0;1234;0;0;0;0;0;0;0;0;18;0;0;0;0;0;0;1;0;0;0;0;0;72;31;0;0;0;0;0;11;0;0;0;0;0;9;0;46;0;0;0;20;0;0;0;0;0;0;0;0;0
Mar_2003;March;2002-2003;Ericaceous;1300 m a.s.l. E;0;0;0;0;328;0;0;0;0;0;0;0;3;0;0;0;0;1;0;0;0;0;0;0;0;0;0;0;3;0;0;2;0;0;0;0;0;0;0;0;0;0;0;0;0;13;0;0;0;7;0;0;0;0;0;0;0;0;0;0;0;0;0;0;0;0;0;0;0;0;0;0;1;0;0;2;0;0;0;0;0;0;0;0;0;0;0;0;39;3;0;0;4;0;0;0;1;0;1;0;54;0;0;0;0;0;0;0;48;0;0;0;0;0
Mar_2023;March;2022-2023;Ericaceous;1300 m a.s.l. E;0;0;0;0;17;0;0;0;0;0;0;0;0;0;0;11;0;0;0;0;0;0;0;0;0;0;0;0;0;0;0;1;0;0;0;0;0;0;0;0;0;0;0;0;0;0;0;0;0;5;0;0;0;0;0;0;0;0;0;0;0;0;0;75;0;0;0;0;0;0;0;0;0;0;0;0;0;5;0;0;0;0;0;0;0;0;0;0;0;1;0;0;4;0;0;0;0;0;0;0;3;0;0;0;1;0;0;0;2;0;0;0;0;2
Oct_2002;October;2002-2003;Ericaceous;1300 m a.s.l. E;0;0;0;0;219;0;0;0;0;1;0;0;1;0;0;0;0;0;0;3;0;0;0;0;0;0;0;0;1;0;0;0;0;0;0;0;0;0;0;0;0;0;0;0;0;0;0;0;0;1;0;0;0;0;0;0;0;1;0;0;0;0;0;4;0;0;0;0;0;0;0;0;0;0;7;0;0;0;0;0;0;0;0;0;0;0;0;0;26;5;0;0;1;0;0;0;4;0;1;0;4;0;0;0;0;0;0;0;19;0;0;0;0;0
Oct_2022;October;2022-2023;Ericaceous;1300 m a.s.l. E;0;0;0;0;71;0;0;0;0;0;0;0;0;0;0;2;0;0;0;0;0;0;0;0;0;0;0;0;0;0;0;1;0;0;0;0;0;1;0;0;0;0;0;0;0;0;0;0;0;17;0;0;0;0;0;0;0;0;0;0;0;0;0;860;0;0;0;4;0;2;0;0;0;0;0;0;0;0;0;0;0;0;0;0;0;0;0;0;4;1;0;0;0;0;0;1;33;0;1;0;19;0;0;0;8;0;0;0;2;0;0;0;0;0
Mar_2003;March;2002-2003;Ericaceous;1100 m a.s.l. E;0;0;0;0;28;0;0;0;0;0;0;0;0;0;0;0;0;0;0;12;0;0;0;1;0;0;0;0;0;0;0;0;0;0;0;0;0;0;0;0;0;0;0;0;0;59;0;0;0;0;0;0;0;0;0;0;0;0;0;0;0;0;0;4029;0;0;0;0;1;0;0;0;0;0;0;76;0;0;0;0;0;0;0;0;0;47;1;0;20;0;0;0;0;0;2;0;3;0;0;0;191;0;0;0;0;0;0;0;17;0;0;0;0;0
Mar_2023;March;2022-2023;Ericaceous;1100 m a.s.l. E;0;0;0;0;496;0;0;0;1;0;0;0;0;0;1;71;0;0;0;0;0;0;5;0;0;0;0;0;0;0;0;0;0;0;0;0;0;0;0;0;3;0;0;0;0;0;0;0;0;17;0;0;0;0;0;0;0;0;0;0;0;0;0;828;0;0;0;0;0;1;0;0;5;0;0;0;0;7;0;0;0;0;0;0;0;3;30;8;12;1;0;0;33;6;0;0;0;0;3;0;16;0;0;0;16;0;0;0;1;0;0;0;0;0
Oct_2002;October;2002-2003;Ericaceous;1100 m a.s.l. E;0;0;0;0;51;0;0;0;0;0;0;0;0;0;0;0;0;1;0;3;0;0;0;0;0;0;0;0;0;0;0;0;0;0;0;0;0;1;0;0;0;1;0;0;0;0;0;0;0;9;0;0;0;0;0;0;0;0;0;0;0;0;0;385;0;4;0;0;0;0;1;0;1;0;0;44;0;0;0;0;0;0;0;0;0;4;0;0;41;0;0;0;2;0;0;0;0;0;0;0;54;0;0;0;0;0;0;0;29;0;0;0;0;0
Oct_2022;October;2022-2023;Ericaceous;1100 m a.s.l. E;0;0;0;0;304;0;0;0;5;0;0;0;0;0;0;20;0;0;0;0;0;0;0;0;0;0;0;0;0;0;0;0;0;0;0;0;0;21;0;0;0;0;0;0;0;0;0;0;0;26;0;0;0;0;0;0;0;0;0;0;0;0;0;3670;0;0;0;0;0;0;0;0;6;0;0;0;7;2;0;0;0;0;0;0;0;15;74;10;42;1;0;0;42;0;0;0;0;0;0;0;12;0;0;0;54;0;0;0;1;0;0;0;0;0
Mar_2003;March;2002-2003;Restioid;900 m a.s.l. E;0;0;0;0;0;104;0;0;16;0;0;0;0;46;0;0;0;2;0;0;0;0;0;0;0;0;0;0;0;0;0;0;0;44;0;0;0;0;0;0;0;0;0;0;0;0;0;0;0;33;0;0;0;1;0;0;0;0;0;0;0;0;0;1;0;0;0;0;225;0;0;0;76;0;0;0;0;0;0;0;0;0;0;0;0;67;555;0;0;0;0;0;0;0;0;0;1;0;0;0;34;0;0;0;0;13;0;0;0;0;0;0;0;0
Mar_2023;March;2022-2023;Restioid;900 m a.s.l. E;0;0;0;1;0;2377;0;0;5;0;0;0;0;19;0;13;0;0;0;0;0;0;3;0;0;0;0;0;0;0;0;2;0;39;0;0;0;0;0;0;0;0;0;0;0;1;0;0;0;77;0;0;0;0;0;0;0;0;0;0;0;0;0;1071;0;0;0;0;17;1;0;0;77;0;0;0;0;0;0;0;0;0;0;5;7;35;159;0;0;0;0;0;0;0;0;0;3;0;0;0;16;0;0;0;5;0;0;0;0;0;14;0;0;0
Oct_2002;October;2002-2003;Restioid;900 m a.s.l. E;0;0;0;0;56;0;0;0;12;0;0;0;0;19;0;0;0;2;0;0;0;0;2;0;0;0;0;0;1;0;0;1;0;42;0;0;0;0;0;0;0;0;0;0;0;0;0;0;0;27;0;0;0;6;0;0;3;0;0;0;0;0;0;584;0;0;0;0;33;0;0;0;49;0;0;0;0;1;0;0;0;0;0;0;0;21;301;0;0;0;0;0;0;0;0;0;20;0;0;0;31;0;0;0;0;2;0;0;7;0;0;0;0;0
Oct_2022;October;2022-2023;Restioid;900 m a.s.l. E;0;0;0;0;0;567;0;0;15;0;0;0;0;18;1;0;0;0;0;0;0;0;0;0;0;0;0;0;0;1;0;0;0;34;0;0;0;0;0;0;0;0;0;1;0;0;2;0;0;171;0;0;0;0;0;0;0;0;0;0;0;0;0;3374;0;0;0;1;73;0;0;0;78;0;0;0;0;0;0;0;0;0;0;17;0;52;465;0;8;0;0;0;0;0;0;0;16;0;0;0;35;0;0;0;27;0;0;0;16;0;0;0;0;0
Mar_2003;March;2002-2003;Succulent Karoo;500 m a.s.l. E;0;0;0;1;3;0;0;0;0;0;0;15;0;0;0;0;0;0;0;0;0;0;0;0;0;0;0;0;0;0;0;0;0;0;0;0;0;0;0;0;0;0;0;0;0;0;0;0;0;0;0;0;1;0;0;0;0;0;1;0;4;0;0;0;0;20;0;0;492;0;0;0;1;0;0;0;0;0;0;0;0;0;0;0;0;266;650;0;0;0;0;0;0;0;0;0;0;0;0;0;93;5;0;0;0;0;0;0;0;0;0;0;0;0
Mar_2023;March;2022-2023;Succulent Karoo;500 m a.s.l. E;0;0;0;0;0;0;0;0;0;0;0;9;0;0;0;0;0;0;0;0;0;0;0;0;0;0;0;0;0;0;0;0;0;0;0;0;0;0;0;0;0;0;0;0;0;0;0;0;0;0;0;0;0;0;0;0;0;0;0;0;0;0;74;0;4;0;0;0;170;1;0;0;0;0;0;0;0;0;0;0;0;0;1;0;0;268;378;0;0;0;0;0;0;0;0;0;0;0;0;0;12;3;0;0;3;0;0;1;0;0;0;0;0;0
Oct_2002;October;2002-2003;Succulent Karoo;500 m a.s.l. E;0;0;0;0;1;0;0;0;0;0;0;17;0;0;0;0;0;0;0;0;0;0;0;0;0;0;0;0;0;0;0;0;0;0;0;0;0;0;0;0;0;0;0;0;0;0;0;0;0;0;0;0;0;0;0;0;0;0;0;0;6;0;0;0;0;15;0;0;231;0;2;0;0;0;0;0;0;0;0;0;0;0;0;0;0;171;738;0;0;0;0;0;0;0;0;0;0;0;0;0;224;0;0;0;0;0;0;0;0;43;0;0;0;0
Oct_2022;October;2022-2023;Succulent Karoo;500 m a.s.l. E;1;0;0;0;0;0;0;0;0;0;0;12;0;0;0;1;0;0;0;0;0;0;0;0;0;0;0;0;0;0;0;0;0;0;0;0;0;0;0;0;0;0;0;0;0;0;0;0;0;0;0;0;0;0;0;0;0;0;0;13;0;0;0;0;147;0;0;0;0;0;0;0;0;0;0;0;0;0;0;0;1;0;0;0;0;100;505;0;0;0;0;0;0;0;0;0;0;0;0;0;63;3;0;0;0;0;0;0;17;0;0;0;0;0