label,site,replicate,classification,latitude,longitude,elevation,aspect,slope,base_veg_cover,height
1.1,1,1,Sand,-32.178297014907,18.3141649793834,10.375551,250,2.5,27.5,16.5235955493308
1.2,1,2,Sand,-32.1796409692615,18.3152139745653,10.966331,251.16246,2.88619,50.25,18.095835663043
1.3,1,3,Sand,-32.1808219794184,18.3162140194327,9.866125,237.97598,1.6119,36.25,18.1108821733822
1.4,1,4,Sand,-32.1823039837182,18.3171289879829,8.545788,237,1.6,36.75,18.6365840918511
2.1,2,1,Loamy sand,-32.2765309922397,18.530684961006,277.003845,130.43083,3.23246,32,52.8503424986466
2.2,2,2,Sand,-32.2755079809576,18.5307260323316,248.445892,101.76466,4.1858,27.45,49.2368301025829
2.3,2,3,Sand,-32.2771090082824,18.5299010016024,249.841019,177.312,3.88456,31.25,50.1075261265214
2.4,2,4,Sand,-32.2772280313075,18.5290479753166,247.569214,195.50542,4.42749,37.7,49.0876788152432
3.1,3,1,Loamy sand,-32.3385279905051,18.9901259914041,351.414948,235.24934,5.97796,15,39.4257963241459
3.2,3,2,Loamy sand,-32.3373469803482,18.9910670276731,383.453766,228.52779,12.58619,37.7,39.0317038512859
3.3,3,3,Loamy sand,-32.3378679994494,18.9883610140532,342.868835,246.57881,5.65227,28.95,39.2549735537999
3.4,3,4,Sand,-32.3387640248984,18.987742010504,335.971497,231.07051,4.56698,30.45,43.5155966515616
4.1,4,1,Loamy sand,-32.349419016391,19.0070919692516,532.015259,106.66906,13.56029,38.8,42.1446332818465
4.2,4,2,Loamy sand,-32.3503769841045,19.0072959847748,515.125183,98.61247,14.71924,43.1,40.1790013793489
4.3,4,3,Sand,-32.3489430081099,19.0062179882079,551.822693,153.45493,7.51549,52.35,34.6825947540198
4.4,4,4,Loamy sand,-32.3483609687537,19.0049290191382,571.275269,249.81009,16.00969,34.65,35.5147235933416
5.1,5,1,Loamy sand,-32.3960570152849,19.0871089696884,662.669128,19.20828,19.97324,44.6,43.0253512537376
5.2,5,2,Loamy sand,-32.3967450018972,19.0869209636003,688.713013,24.86475,25.35921,55.25,33.4973002141343
5.3,5,3,Sand,-32.4005320295691,19.0915620233864,685.317383,328.66882,17.20713,30.75,62.3575225380428
5.4,5,4,Sand,-32.4012439884245,19.0905479807407,678.770752,332.13547,22.42946,35.25,58.6857153935225
6.1,6,1,Sand,-32.4240249954164,19.1650050133467,916.396362,48.40784,5.60223,26.3,27.8877525354605
6.2,6,2,Sand,-32.4241460300982,19.1626579966396,928.035156,34.80936,8.73548,46.75,29.1108517704313
6.3,6,3,Sand,-32.423032997176,19.1615670081228,919,50.58709,6.94373,44.8,27.3051832684063
6.4,6,4,Sand,-32.421841006726,19.1609469987452,930.052246,53.60192,6.77935,38.8,29.4862975833654
7.1,7,1,Loamy sand,-32.4587089754641,19.2397330328822,1148.238647,143.9436,6.03453,48.5,21.7186218112773
7.2,7,2,Loamy sand,-32.4567880108953,19.2371560167521,1171.886963,119.24682,4.28729,49.55,20.6252156659765
7.3,7,3,Loamy sand,-32.45565100573,19.2361439857632,1183.61792,183.42212,4.58415,43.9,23.3700915563229
7.4,7,4,Loamy sand,-32.4540400039405,19.2352969944477,1197.421753,229.62442,3.1165,42.8,22.1617059381296
8.1,8,1,Sandy loam,-32.4345649871975,19.2168009839952,1321.175781,138.96468,7.88407,63.25,22.0467670022134
8.2,8,2,Sandy loam,-32.4346570204943,19.2158170323819,1327.046875,136.93677,8.24072,46.5,23.9379303969763
8.3,8,3,Sandy loam,-32.4348140135407,19.2140659689903,1346.564331,154.31273,7.54593,56.25,24.1707863778832
8.4,8,4,Loamy sand,-32.4347180407494,19.2126050032675,1353.495361,170.46526,6.59111,47.45,18.4932446615696
9.1,9,1,Sandy loam,-32.3931420408189,19.1521930228919,1531.602783,209.23267,7.43964,75.85,18.9497178232911
9.2,9,2,Sandy loam,-32.3918610345572,19.1508939955384,1539.686523,204.84235,5.63468,58,17.0899369818347
9.3,9,3,Loamy sand,-32.3904699739069,19.1499610058963,1545.284668,218.88628,5.07915,61.15,16.4655772858898
9.4,9,4,Loamy sand,-32.3881760146469,19.1484550293535,1556.874634,239.37595,9.67221,60.75,21.9846256684492
10.1,10,1,Loamy sand,-32.3552959877998,19.1525510139763,1608.988525,263.24033,20.8231,58,25.3683172562565
10.2,10,2,Loamy sand,-32.3552819900215,19.1534300241619,1648.619141,251.51414,26.98198,43.05,24.3882357721643
10.3,10,3,Loamy sand,-32.3544550314546,19.1536890249699,1653.310913,265.85043,29.35403,42.25,22.4052118662912
10.4,10,4,Loamy sand,-32.3535780329257,19.1528499964625,1612.94104,272.73804,23.07247,48.15,23.8700279743037
11.1,11,1,Loamy sand,-32.3556030169129,19.165153959766,1841.95752,317.89764,5.43108,51.4,16.8142222490049
11.2,11,2,Sand,-32.3538019973785,19.1628930252045,1881.574585,70.32634,9.60547,36,15.9210638898139
11.3,11,3,Sand,-32.3550700116903,19.1615810059011,1923.259766,186.99713,15.36098,45,28.5234154672419
11.4,11,4,Loamy sand,-32.356329979375,19.1644079703838,1832.560669,271.10834,7.98444,65.75,18.0479045443834
12.1,12,1,Loamy sand,-32.3498200066388,19.1675169859082,1658.346191,66.43203,37.60199,38.5,19.1729171366268
12.2,12,2,Loamy sand,-32.3505700193346,19.1675319895148,1650.244385,85.50224,37.89845,39,23.3315794937479
12.3,12,3,Sand,-32.3519680369645,19.1677759867162,1655.527954,93.27725,35.44636,42.3,23.4553803600293
12.4,12,4,Loamy sand,-32.3538529593498,19.1677960194647,1667.026855,65.98354,40.58328,33.3,20.1113930881987
13.1,13,1,Loamy sand,-32.3477820307016,19.1708499658853,1562.300781,71.82147,13.21392,55.3,20.6658715013331
13.2,13,2,Loamy sand,-32.3472139891237,19.1718869749457,1529.98999,64.49944,13.97833,56.1,17.6830707337021
13.3,13,3,Loamy sand,-32.349004028365,19.1706150211394,1571.685547,67.39622,13.3044,49.3,21.4878977388016
13.4,13,4,Loamy sand,-32.3491200339049,19.1699380148202,1582.203003,64.41184,18.73784,47.05,20.2348932516199
14.1,14,1,Loamy sand,-32.3458899836987,19.1389610152692,1268.886597,344.97812,20.55682,83.1,34.7422422854867
14.2,14,2,Loamy sand,-32.3454689607024,19.1378789953887,1273.400024,350.47446,9.29613,48.4,24.1428544974649
14.3,14,3,Loamy sand,-32.3445290140808,19.13828400895,1282.653687,346.77982,1.5964,45.9,23.3834588180573
14.4,14,4,Loamy sand,-32.3468340374529,19.1363499686122,1295.870239,344.68845,10.59539,51.65,23.7481122708926
15.1,15,1,Loamy sand,-32.3321969714016,19.1410020086914,1138.148315,90,2.0074,61.05,33.0948758582717
15.2,15,2,Loamy sand,-32.3326559644192,19.1423420235515,1139.348755,13.59309,10.74735,58.8,29.6804962936991
15.3,15,3,Sand,-32.3312029615045,19.1422039736062,1130.409424,103.94715,4.50532,59.2,26.4068487893725
15.4,15,4,Sand,-32.3324220255017,19.1453360393643,1138.104126,310.41348,1.67799,44.25,20.32753254103
16.1,16,1,Loamy sand,-32.3110620025545,19.1706099919975,933.246887,358.3045,17.90052,45.3,29.5888303330735
16.2,16,2,Loamy sand,-32.3106600064784,19.1723260190338,925.777588,4.332,4.82133,41.15,28.1946928958314
16.3,16,3,Sand,-32.31046596542,19.1739899944514,922.255493,331.91083,2.90487,42,27.9998278567497
16.4,16,4,Loamy sand,-32.310220040381,19.1752190329134,928.283508,318.22305,18.50577,37.8,30.9168971455144
17.1,17,1,Loamy sand,-32.2794670052826,19.2192550376058,517.15564,275.56122,12.62429,13.65,55.3557718377206
17.2,17,2,Loamy sand,-32.280141999945,19.2199899628758,525.988464,277.37372,14.23443,15.75,37.2482917823391
17.3,17,3,Loamy sand,-32.2793400194496,19.2199499811977,539.61261,275.56122,12.62429,12.5,34.0013227513228
17.4,17,4,Loamy sand,-32.2785750031471,19.2194250226021,555.380249,277.7016,11.44485,19.5,36.1761640683209
